Modelo,Accuracy,Precision,Recall,F1-Score,ROC-AUC
Ensemble,0.9736842105263158,0.9859154929577465,0.9722222222222222,0.9790209790209791,0.996031746031746
Logistic Regression,0.9824561403508771,0.9861111111111112,0.9861111111111112,0.9861111111111112,0.9953703703703703
SVM,0.9824561403508771,0.9861111111111112,0.9861111111111112,0.9861111111111112,0.9950396825396826
MLP,0.9824561403508771,0.9861111111111112,0.9861111111111112,0.9861111111111112,0.994047619047619
XGBoost,0.9473684210526315,0.9459459459459459,0.9722222222222222,0.958904109589041,0.9933862433862434
Random Forest,0.9473684210526315,0.9583333333333334,0.9583333333333334,0.9583333333333334,0.9930555555555556
